{"stats":{"minecraft:mined":{"minecraft:crafting_table":1,"minecraft:chest":2,"minecraft:oak_planks":1,"duneons:leaveswindswept":2,"minecraft:oak_log":6,"minecraft:dirt":1,"duneons:highlandlog":5,"minecraft:oak_leaves":1},"minecraft:custom":{"minecraft:mob_kills":2,"minecraft:traded_with_villager":1,"minecraft:interact_with_crafting_table":2,"minecraft:open_shulker_box":2,"minecraft:leave_game":3,"minecraft:time_since_death":383585,"minecraft:sleep_in_bed":3,"minecraft:time_since_rest":213062,"minecraft:sprint_one_cm":161720,"minecraft:damage_taken":487,"minecraft:walk_one_cm":106442,"minecraft:drop":41,"minecraft:damage_dealt":494,"minecraft:swim_one_cm":5930,"minecraft:talked_to_villager":2,"minecraft:fly_one_cm":1037423,"minecraft:open_chest":18,"minecraft:crouch_one_cm":686,"minecraft:play_time":383585,"minecraft:sneak_time":3338,"minecraft:walk_under_water_one_cm":30260,"minecraft:jump":632,"minecraft:walk_on_water_one_cm":4352,"minecraft:total_world_time":383585,"minecraft:fall_one_cm":11457},"minecraft:used":{"slabsexpanded:white_concrete_slab":55,"born_in_chaos_v1:cursed_scarlet_ornate_glass_pane":4,"minecraft:stripped_acacia_log":5,"duneons:outpostwood_planks":4,"minecraft:glass_bottle":17,"minecraft:spruce_slab":156,"minecraft:chest":1,"minecraft:andesite_slab":27,"minecraft:spruce_planks":65,"minecraft:leather_chestplate":1,"slabsexpanded:quartz_pillar_slab":1,"slabsexpanded:slabs_block":5,"minecraft:torch":147,"minecraft:dirt":1,"minecraft:crafting_table":1,"duneons:crumsoncoresword":4,"minecraft:spruce_fence":21,"minecraft:green_concrete":14,"born_in_chaos_v1:tombstone_petasi":1,"minecraft:grass_block":412,"minecraft:bread":7,"minecraft:iron_helmet":1,"minecraft:spruce_trapdoor":1,"slabsexpanded:green_concrete_slab":3,"minecraft:potion":16,"toughasnails:purified_water_bottle":1,"minecraft:cooked_cod":1,"toughasnails:purified_water_canteen":4,"minecraft:andesite":4,"alexsmobs:animal_dictionary":1,"minecraft:cooked_beef":5,"minecraft:potato":4,"minecraft:dandelion":1,"minecraft:iron_leggings":1,"duneons:leaveswindswept":2},"minecraft:dropped":{"minecraft:wheat_seeds":3,"slabsexpanded:quartz_pillar_slab":1,"born_in_chaos_v1:tombstone_petasi":1,"minecraft:glass_bottle":2,"minecraft:diamond":2,"minecraft:andesite_slab":2,"minecraft:green_concrete":1,"minecraft:spruce_fence":1,"minecraft:grass_block":1,"born_in_chaos_v1:cursed_scarlet_ornate_glass_pane":1,"minecraft:dirt":18,"minecraft:leather_chestplate":1,"slabsexpanded:white_concrete_slab":1,"minecraft:spruce_planks":1,"slabsexpanded:green_concrete_slab":1,"minecraft:andesite":1,"toughasnails:purified_water_canteen":1,"minecraft:spruce_slab":1,"minecraft:stripped_acacia_log":1},"minecraft:crafted":{"minecraft:glass_bottle":3,"minecraft:oak_planks":24,"minecraft:crafting_table":1,"duneons:outpostwood_planks":20,"duneons:randomatoolbox":1},"minecraft:picked_up":{"minecraft:crafting_table":1,"minecraft:leather_chestplate":2,"minecraft:feather":1,"minecraft:cooked_beef":1,"minecraft:potato":5,"minecraft:potion":1,"toughasnails:purified_water_bottle":1,"minecraft:oak_log":6,"minecraft:dirt":19,"minecraft:glass":3,"minecraft:bone":6,"duneons:crumsoncoresword":1,"minecraft:wheat_seeds":3,"minecraft:iron_ingot":4,"minecraft:chest":2,"minecraft:oak_planks":1,"minecraft:iron_sword":1,"minecraft:egg":2,"duneons:highlandlog":5,"toughasnails:purified_water_canteen":1,"minecraft:torch":1,"minecraft:dandelion":2,"duneons:leaveswindswept":2,"alexsmobs:animal_dictionary":1,"minecraft:rotten_flesh":6,"minecraft:arrow":4,"minecraft:cooked_cod":2,"minecraft:diamond":7,"minecraft:emerald":9,"alexsmobs:maggot":3},"minecraft:killed":{"minecraft:spider":1,"born_in_chaos_v1:zombie_fisherman":1}},"DataVersion":3465}