{"stats":{"minecraft:picked_up":{"born_in_chaos_v1:corpse_maggot":2,"born_in_chaos_v1:monster_flesh":1,"minecraft:lantern":6,"born_in_chaos_v1:monster_skin":1,"minecraft:bone":5,"minecraft:gold_nugget":2,"minecraft:iron_ingot":20,"minecraft:glass_bottle":2,"minecraft:cooked_porkchop":3,"minecraft:torch":7,"minecraft:cooked_cod":32,"minecraft:rotten_flesh":3,"minecraft:arrow":6,"duneons:hoglinskull":1,"alexsmobs:maggot":27,"minecraft:coal":1},"minecraft:used":{"minecraft:quartz_bricks":42,"minecraft:oak_trapdoor":7,"minecraft:cooked_mutton":2,"minecraft:emerald_ore":1,"minecraft:water_bucket":69,"minecraft:netherite_sword":11,"minecraft:diorite":26,"minecraft:flint_and_steel":6,"minecraft:stripped_acacia_log":310,"minecraft:smooth_quartz_slab":143,"minecraft:glass_bottle":23,"minecraft:spruce_slab":143,"minecraft:oak_planks":466,"minecraft:oak_sign":9,"minecraft:chest":1,"minecraft:spruce_planks":354,"minecraft:stone":104,"minecraft:redstone_block":1,"minecraft:clay":11,"minecraft:netherrack":1,"minecraft:iron_chestplate":1,"minecraft:torch":281,"minecraft:dark_oak_trapdoor":24,"minecraft:dirt":577,"minecraft:soul_sand":6,"minecraft:tnt":353,"minecraft:oak_slab":4,"minecraft:nether_bricks":10,"minecraft:spruce_stairs":55,"minecraft:nether_brick_slab":87,"minecraft:light_gray_glazed_terracotta":4,"minecraft:cod":2,"minecraft:purple_terracotta":304,"minecraft:jungle_trapdoor":13,"minecraft:spruce_fence":31,"minecraft:snowball":282,"minecraft:stripped_spruce_log":44,"minecraft:polished_diorite":692,"minecraft:glass":43,"minecraft:green_concrete":3,"minecraft:acacia_stairs":113,"minecraft:sea_lantern":192,"minecraft:lava_bucket":4,"minecraft:quartz_pillar":78,"minecraft:cracked_polished_blackstone_bricks":55,"minecraft:light_gray_concrete":42,"minecraft:black_stained_glass_pane":38,"minecraft:lantern":36,"minecraft:grass_block":5236,"minecraft:acacia_slab":149,"minecraft:iron_helmet":2,"minecraft:cracked_nether_bricks":10,"minecraft:iron_boots":1,"minecraft:potion":19,"minecraft:glowstone":5,"minecraft:cobblestone":136,"minecraft:magma_block":1,"minecraft:bow":5,"minecraft:cooked_cod":3,"minecraft:bucket":13,"minecraft:acacia_fence":9,"minecraft:andesite":693,"minecraft:chain":3,"minecraft:smooth_stone_slab":61,"minecraft:cooked_beef":1,"minecraft:white_concrete":1477,"minecraft:smooth_stone":168,"minecraft:iron_leggings":1},"minecraft:custom":{"minecraft:mob_kills":6,"minecraft:interact_with_crafting_table":3,"minecraft:bell_ring":12,"minecraft:damage_dealt_resisted":13,"minecraft:leave_game":6,"minecraft:time_since_death":540815,"minecraft:time_since_rest":540815,"minecraft:sprint_one_cm":164377,"minecraft:damage_taken":368,"minecraft:walk_one_cm":369326,"minecraft:drop":74,"minecraft:damage_dealt":1354,"minecraft:swim_one_cm":898,"minecraft:fly_one_cm":4594187,"minecraft:open_chest":35,"minecraft:crouch_one_cm":2548,"minecraft:play_time":540815,"minecraft:sneak_time":15471,"minecraft:walk_under_water_one_cm":11074,"minecraft:interact_with_brewingstand":1,"minecraft:jump":956,"minecraft:walk_on_water_one_cm":37526,"minecraft:total_world_time":540815,"minecraft:fall_one_cm":2401},"minecraft:crafted":{"minecraft:iron_block":64},"minecraft:killed":{"minecraft:zombified_piglin":3,"minecraft:creeper":1,"born_in_chaos_v1:dread_hound":1,"born_in_chaos_v1:corpse_fly":1},"minecraft:dropped":{"minecraft:iron_ingot":57,"alexsmobs:maggot":2,"minecraft:glass_bottle":2,"minecraft:cooked_porkchop":6,"minecraft:torch":1,"minecraft:smooth_quartz_slab":1,"minecraft:arrow":2,"minecraft:smooth_stone":1,"minecraft:bone":2}},"DataVersion":3465}